{
  "train_losses": [
    0.43366324918730487,
    0.23930045889447565,
    0.18380563009215894,
    0.1435549973529261,
    0.11951244903056671,
    0.07788362790046789,
    0.06549286697288532,
    0.05903568592391756,
    0.05456434907999052,
    0.04900848915767106
  ],
  "train_accs": [
    85.628,
    91.882,
    93.66,
    95.164,
    95.964,
    97.494,
    97.918,
    98.234,
    98.306,
    98.58
  ],
  "test_accs": [
    90.46,
    91.32,
    91.73,
    92.21,
    92.95,
    93.47,
    93.73,
    93.83,
    93.7,
    93.86
  ]
}