{
  "train_losses": [
    1.3242001738542182,
    1.1535158051401757,
    1.1242416690834953
  ],
  "train_accs": [
    54.316,
    59.906,
    60.982
  ],
  "test_accs": [
    72.93,
    73.47,
    74.87
  ]
}