{
  "train_losses": [
    1.3672190082957372,
    0.8915222706392293,
    0.6940683418375146,
    0.577175652736898,
    0.5110319371113692,
    0.44710447160941563,
    0.4020322949608878,
    0.3676627349594365,
    0.33273387343987176,
    0.3074555602067572
  ],
  "train_accs": [
    49.8,
    68.314,
    75.674,
    79.96,
    82.154,
    84.404,
    86.096,
    87.328,
    88.592,
    89.34
  ],
  "test_accs": [
    60.41,
    71.77,
    73.99,
    78.61,
    79.07,
    80.17,
    84.8,
    83.77,
    85.62,
    86.35
  ]
}