{
  "train_losses": [
    1.3410291068084406,
    1.1501992566658712,
    1.1256127386446804,
    1.1074596003955588,
    1.1107223199304108,
    1.100628433248881,
    1.096419656977934,
    1.0939634833341974,
    1.0889129208786714,
    1.0873085575945236
  ],
  "train_accs": [
    53.572,
    60.014,
    60.42,
    61.244,
    61.25,
    61.318,
    61.498,
    61.752,
    61.914,
    62.044
  ],
  "test_accs": [
    72.53,
    75.11,
    75.38,
    75.91,
    75.23,
    75.37,
    76.05,
    76.44,
    75.91,
    76.66
  ]
}