{
  "train_losses": [
    1.6248563948799581,
    1.3268620406880098,
    1.2038431928285858,
    1.1231564515082122,
    1.0719985935999,
    1.0312693349235809,
    0.9981100452525536,
    0.9682203180649701,
    0.9461583453980859,
    0.9144475832009864
  ],
  "train_accs": [
    39.554,
    51.808,
    56.916,
    60.37,
    61.87,
    63.61,
    64.844,
    66.302,
    67.152,
    68.246
  ],
  "test_accs": [
    50.71,
    61.17,
    63.49,
    66.19,
    68.34,
    68.18,
    69.8,
    74.47,
    72.94,
    75.25
  ]
}